area_key,province_label,label,gis_name,psgc
ABRA|BANGUED,Abra,Bangued,Bangued (Abra),140101000
ABRA|BOLINEY,Abra,Boliney,Boliney (Abra),140102000
ABRA|BUCAY,Abra,Bucay,Bucay (Abra),140103000
ABRA|BUCLOC,Abra,Bucloc,Bucloc (Abra),140104000
ABRA|DAGUIOMAN,Abra,Daguioman,Daguioman (Abra),140105000
ABRA|DANGLAS,Abra,Danglas,Danglas (Abra),140106000
ABRA|DOLORES,Abra,Dolores,Dolores (Abra),140107000
ABRA|LA PAZ,Abra,La Paz,La Paz (Abra),140108000
ABRA|LACUB,Abra,Lacub,Lacub (Abra),140109000
ABRA|LAGANGILANG,Abra,Lagangilang,Lagangilang (Abra),140110000
ABRA|LAGAYAN,Abra,Lagayan,Lagayan (Abra),140111000
ABRA|LANGIDEN,Abra,Langiden,Langiden (Abra),140112000
ABRA|LICUAN BAAY,Abra,Licuan-Baay,Licuan-Baay (Abra),140113000
ABRA|LUBA,Abra,Luba,Luba (Abra),140114000
ABRA|MALIBCONG,Abra,Malibcong,Malibcong (Abra),140115000
ABRA|MANABO,Abra,Manabo,Manabo (Abra),140116000
ABRA|PENARRUBIA,Abra,Peñarrubia,Peñarrubia (Abra),140117000
ABRA|PIDIGAN,Abra,Pidigan,Pidigan (Abra),140118000
ABRA|PILAR,Abra,Pilar,Pilar (Abra),140119000
ABRA|SALLAPADAN,Abra,Sallapadan,Sallapadan (Abra),140120000
ABRA|SAN ISIDRO,Abra,San Isidro,San Isidro (Abra),140121000
ABRA|SAN JUAN,Abra,San Juan,San Juan (Abra),140122000
ABRA|SAN QUINTIN,Abra,San Quintin,San Quintin (Abra),140123000
ABRA|TAYUM,Abra,Tayum,Tayum (Abra),140124000
ABRA|TINEG,Abra,Tineg,Tineg (Abra),140125000
ABRA|TUBO,Abra,Tubo,Tubo (Abra),140126000
ABRA|VILLAVICIOSA,Abra,Villaviciosa,Villaviciosa (Abra),140127000
APAYAO|CALANASAN,Apayao,Calanasan,Calanasan (Apayao),148101000
APAYAO|CONNER,Apayao,Conner,Conner (Apayao),148102000
APAYAO|FLORA,Apayao,Flora,Flora (Apayao),148103000
APAYAO|KABUGAO,Apayao,Kabugao,Kabugao (Apayao),148104000
APAYAO|LUNA,Apayao,Luna,Luna (Apayao),148105000
APAYAO|PUDTOL,Apayao,Pudtol,Pudtol (Apayao),148106000
APAYAO|SANTA MARCELA,Apayao,Santa Marcela,Santa Marcela (Apayao),148107000
BENGUET|ATOK,Benguet,Atok,Atok (Benguet),141101000
BENGUET|BAGUIO,Benguet,Baguio City,Baguio City (Benguet),141102000
BENGUET|BAKUN,Benguet,Bakun,Bakun (Benguet),141103000
BENGUET|BOKOD,Benguet,Bokod,Bokod (Benguet),141104000
BENGUET|BUGUIAS,Benguet,Buguias,Buguias (Benguet),141105000
BENGUET|ITOGON,Benguet,Itogon,Itogon (Benguet),141106000
BENGUET|KABAYAN,Benguet,Kabayan,Kabayan (Benguet),141107000
BENGUET|KAPANGAN,Benguet,Kapangan,Kapangan (Benguet),141108000
BENGUET|KIBUNGAN,Benguet,Kibungan,Kibungan (Benguet),141109000
BENGUET|LA TRINIDAD,Benguet,La Trinidad,La Trinidad (Benguet),141110000
BENGUET|MANKAYAN,Benguet,Mankayan,Mankayan (Benguet),141111000
BENGUET|SABLAN,Benguet,Sablan,Sablan (Benguet),141112000
BENGUET|TUBA,Benguet,Tuba,Tuba (Benguet),141113000
BENGUET|TUBLAY,Benguet,Tublay,Tublay (Benguet),141114000
IFUGAO|AGUINALDO,Ifugao,Aguinaldo,Aguinaldo (Ifugao),142708000
IFUGAO|ALFONSO LISTA,Ifugao,Alfonso Lista,Alfonso Lista (Ifugao),142707000
IFUGAO|ASIPULO,Ifugao,Asipulo,Asipulo (Ifugao),142711000
IFUGAO|BANAUE,Ifugao,Banaue,Banaue (Ifugao),142701000
IFUGAO|HINGYON,Ifugao,Hingyon,Hingyon (Ifugao),142709000
IFUGAO|HUNGDUAN,Ifugao,Hungduan,Hungduan (Ifugao),142702000
IFUGAO|KIANGAN,Ifugao,Kiangan,Kiangan (Ifugao),142703000
IFUGAO|LAGAWE,Ifugao,Lagawe,Lagawe (Ifugao),142704000
IFUGAO|LAMUT,Ifugao,Lamut,Lamut (Ifugao),142705000
IFUGAO|MAYOYAO,Ifugao,Mayoyao,Mayoyao (Ifugao),142706000
IFUGAO|TINOC,Ifugao,Tinoc,Tinoc (Ifugao),142710000
KALINGA|BALBALAN,Kalinga,Balbalan,Balbalan (Kalinga),143201000
KALINGA|LUBUAGAN,Kalinga,Lubuagan,Lubuagan (Kalinga),143206000
KALINGA|PASIL,Kalinga,Pasil,Pasil (Kalinga),143208000
KALINGA|PINUKPUK,Kalinga,Pinukpuk,Pinukpuk (Kalinga),143209000
KALINGA|RIZAL,Kalinga,Rizal,Rizal (Kalinga),143211000
KALINGA|TABUK,Kalinga,Tabuk City,Tabuk City (Kalinga),143213000
KALINGA|TANUDAN,Kalinga,Tanudan,Tanudan (Kalinga),143214000
KALINGA|TINGLAYAN,Kalinga,Tinglayan,Tinglayan (Kalinga),143215000
MOUNTAIN PROVINCE|BARLIG,Mountain Province,Barlig,Barlig (Mountain Province),144401000
MOUNTAIN PROVINCE|BAUKO,Mountain Province,Bauko,Bauko (Mountain Province),144402000
MOUNTAIN PROVINCE|BESAO,Mountain Province,Besao,Besao (Mountain Province),144403000
MOUNTAIN PROVINCE|BONTOC,Mountain Province,Bontoc,Bontoc (Mountain Province),144404000
MOUNTAIN PROVINCE|NATONIN,Mountain Province,Natonin,Natonin (Mountain Province),144405000
MOUNTAIN PROVINCE|PARACELIS,Mountain Province,Paracelis,Paracelis (Mountain Province),144406000
MOUNTAIN PROVINCE|SABANGAN,Mountain Province,Sabangan,Sabangan (Mountain Province),144407000
MOUNTAIN PROVINCE|SADANGA,Mountain Province,Sadanga,Sadanga (Mountain Province),144408000
MOUNTAIN PROVINCE|SAGADA,Mountain Province,Sagada,Sagada (Mountain Province),144409000
MOUNTAIN PROVINCE|TADIAN,Mountain Province,Tadian,Tadian (Mountain Province),144410000
